Número;Cliente (Completo);Serviço (2º Nível);Status;Esforço estimado;Tempo trabalhado;Andamento;Data da última ação;Tipo de faturamento;Responsável;Account Manager ;Aberto em;Resolvido em;Vencimento em;Assunto;Serviço (3º Nível)
1205;JAMEF TRANSPORTES LTDA;Data e Power;Em atendimento;350;348:01:00;50%;13/02/2025;;Vitória Germann;Eder Rodrigues;04/10/2023;;30/09/2025;REFATORAÇÃO DO AMBIENTE POWER BI;Desenvolvimento e implementação de projeto Power BI
1582;JAMEF TRANSPORTES LTDA;Data e Power;Em atendimento;1650;1069:42:00;50%;31/05/2025;;CDB Data Solutions;Eder Rodrigues;23/10/2023;;;Projeto Power BI Jamef;Desenvolvimento e implementação de projeto Power BI
1722;MUNDIAL FLORESTAL;M365;Fechado;30;27:27:00;5%;30/01/2025;PRIME;Luciano Seabra;Gustavo Moyses;31/10/2023;30/01/2025;20/12/2024;MUNDIAL FLORESTAL  / M365 + Sharepoint + Prime;Migracao E-mails IMAP para M365
1723;MUNDIAL FLORESTAL;M365;Fechado;20;03:06:00;;30/01/2025;Faturar no final do projeto;Luciano Seabra;Gustavo Moyses;31/10/2023;30/01/2025;20/12/2024;MUNDIAL FLORESTAL  / M365 + Sharepoint + Prime;Migração SharePoint server para SPO
3219;STELLA - ULTRA FILIAL;M365;Bloqueado;208;240:26:00;75%;16/06/2025;Faturar no inicio do projeto;Luciano Seabra;Edison Sprandel;19/01/2024;;30/05/2025;STELLA, Migração Tenant M365;Migracao de tenant para tenant
3329;FOCUS ENGENHARIA;Data e Power;Fechado;180;71:13:00;;31/03/2025;Descontar do PLUS no inicio do projeto;CDB Data Solutions;Eder Rodrigues;26/01/2024;31/03/2025;05/04/2024;FOCUS ENGENHARIA, SOU PLUS (PROJECT, BI E POWER PLATFORM);Desenvolvimento e implementação de projeto Power BI
6103;USAGRO;M365;Fechado;35;12:18:00;100%;05/03/2025;Faturado em outro projeto.;Gabriel de Menezes;Mateus Silva;25/06/2024;05/03/2025;27/02/2025;USAGRO - Business Premium (Escopo ENTRA ID);Desenvolvimento e implementação de projeto Sharepoint
5481;PHARLAB INDUSTRIA FARMACEUTICA S.A;Azure;Fechado;20;398:10:00;75%;20/02/2025;Faturar no inicio do projeto;René Pretto de Braga ;Cleber Bastos;20/05/2024;20/02/2025;16/01/2025;PHARLAB, AZURE;Migracao Workload On Premises para Azure
5558;NEC ENERGIA;M365;Aguardando;60;140:39:00;75%;17/06/2025;Faturar no inicio do projeto;Luciano Seabra;Junior Brevia;24/05/2024;;16/05/2025;NEC, Projeto Sharepoint;Desenvolvimento e implementação de projeto Sharepoint
4956;Tuper - Divisao Tubos;M365;Fechado;80;333:47:00;100%;09/01/2025;PRIME;Luciano Seabra;Cleber Bastos;19/04/2024;09/01/2025;13/01/2025;TUPER COMERCIAL SA, Microsoft 365;Migracao GSuite para M365
5269;Via Certa;M365;Fechado;57;69:44:00;100%;23/01/2025;Descontar do PLUS no inicio do projeto;Tadeu Trajano;Erika Okada;07/05/2024;23/01/2025;20/01/2025;Via Certa- Projeto de federação de Tenant;Migracao de tenant para tenant
5592;VIRALCOOL - ACUCAR E ALCOOL LTDA.;M365;Fechado;25;13:39:00;;27/01/2025;Faturado em outro projeto.;Helen Machado;Gustavo Moyses;27/05/2024;27/01/2025;;VIRALCOOL SERTAOZINHO  / INTRANET;Desenvolvimento e implementação de projeto INTRANET
6423;CAMORIM SERVICOS MARITIMOS;Data e Power;Fechado;30;03:35:00;;23/01/2025;Faturar no inicio do projeto;Felipe Neiva;Gustavo Moyses;10/07/2024;23/01/2025;02/09/2024;CAMORIM / POWER APP RANCHO;Desenvolvimento e implementação de projeto Power App
4200;ENFORCE GESTAO DE ATIVOS S.A.;Data e Power;Fechado;84;214:08:00;100%;13/04/2025;Faturar no inicio do projeto;Gabriel Kolber;Thiago Alcantara;14/03/2024;13/04/2025;24/03/2025;ENFORCE - Categorização de E-mails e Mensagens Instantâneas;Desenvolvimento e implementação de projeto Data
6574;ENFORCE GESTAO DE ATIVOS S.A.;M365;Aguardando;138;226:59:00;75%;10/04/2025;Descontar do PLUS no inicio do projeto;Eduardo Kochhann;Thiago Alcantara;19/07/2024;;28/03/2025;ENFORCE - Projeto Assistente Virtual;
7326;HAVAN;M365;Fechado;34;100:10:00;25%;28/05/2025;Faturar no inicio do projeto;Eduardo Kochhann;Edison Sprandel;30/08/2024;28/05/2025;27/12/2024;HAVAN - MIGRAÇÃO SHAREPOINT SERVER - SHAREPOINT ONLINE;Desenvolvimento e implementação de projeto de migração para Sharepoint
8215;Sicoob Coopecredi;M365;Fechado;30;43:11:00;75%;17/02/2025;Faturar no inicio do projeto;Gabriel de Menezes;Gustavo Moyses;16/10/2024;17/02/2025;30/01/2025;SICOOB PRO / M365 F1 - ENTRA ID P1 e RENAME SPO;Criação de ambiente M365
8295;Gustavo Alves Vieira;M365;Fechado;15;16:39:00;100%;29/01/2025;Faturar no final do projeto;Gabriel de Menezes;Keila Sayuri;22/10/2024;29/01/2025;28/01/2025;GUSTAVO ALVES VIEIRA - MIGRAÇÃO GMAIL;Migracao E-mails IMAP para M365
8664;Doctor Clin Operadora de Planos de Saúde;M365;Fechado;15;03:09:00;100%;30/01/2025;Descontar do PLUS no inicio do projeto;Gabriel de Menezes;Denilson Barboza;08/11/2024;30/01/2025;24/01/2025;DOCTOR CLIN - ENTRA ID;Desenvolvimento e implementação de projeto INTUNE
6889;Marilan;Azure;Fechado;700;662:26:00;75%;06/06/2025;Faturar no final do projeto;René Pretto de Braga ;Mateus Silva;08/08/2024;06/06/2025;24/04/2025;MARILAN sap on azure;Desenvolvimento e implementação de projeto de Migração de Banco de Dados
8292;HIDROPAN DISTRIBUICAO DE ENERGIA S.A.;M365;Fechado;30;67:45:00;100%;14/01/2025;Descontar do PLUS no inicio do projeto;Luciano Seabra;Jéssica Oliveira;22/10/2024;14/01/2025;14/01/2025;HIDROPAN - Projeto Entra ID;Desenvolvimento e implementação de projeto Windows 365
6998;LIONS TRUST ADMINISTRADORA DE RECURSOS LTDA;M365;Fechado;250;225:02:00;75%;08/05/2025;Descontar do PLUS no inicio do projeto;Tadeu Trajano;Jéssica Oliveira;14/08/2024;08/05/2025;25/04/2025;LIONS TRUST - Projetos Segurança;Desenvolvimento e implementação de projeto INTUNE
7329;HT MICRON;M365;Aguardando;80;22:22:00;50%;29/05/2025;PRIME;Tadeu Trajano;Junior Brevia;30/08/2024;;06/06/2025;HT MICRON, Migração FS para Sharepoint;Desenvolvimento e implementação de projeto de migração para Sharepoint
8808;PRIME HOLDING;M365;Fechado;300;18:37:00;100%;03/04/2025;PRIME;Tadeu Trajano;Junior Brevia;19/11/2024;03/04/2025;21/02/2025;PRIME HOLDING, M365 + Unificação de Tenants;Migracao de tenant para tenant
8476;GDM;M365;Fechado;173;83:12:00;100%;07/01/2025;Faturar no inicio do projeto;Tadeu Trajano;Erika Okada;31/10/2024;07/01/2025;06/01/2025;GDM, Migração KWS- Exchange online;Migracao de tenant para tenant
8912;CAMPOS MELLO ADVOGADOS;M365;Fechado;65;60:52:00;50%;01/04/2025;Descontar do PLUS no inicio do projeto;Helen Machado;Thiago Alcantara;25/11/2024;01/04/2025;21/03/2025;Campos Mello - Sharepoint INTRANET;Desenvolvimento e implementação de projeto INTRANET
6525;TradersClub;M365;Fechado;60;52:16:00;50%;13/05/2025;Descontar do PLUS no inicio do projeto;Helen Machado;Erika Okada;17/07/2024;13/05/2025;30/06/2025;TC S.A- Intranet;Desenvolvimento e implementação de projeto INTRANET
7764;HT MICRON;M365;Fechado;40;39:06:00;75%;02/04/2025;Descontar do PLUS no inicio do projeto;Helen Machado;Denilson Barboza;24/09/2024;02/04/2025;31/03/2025;HT MICRON, Implementação Sharepoint INTRANET;Desenvolvimento e implementação de projeto INTRANET
8454;TW TRANSPORTES E LOGISTICA LTDA;Data e Power;Fechado;16;18:01:00;;28/01/2025;Faturar no inicio do projeto;CDB Data Solutions;Eder Rodrigues;30/10/2024;28/01/2025;;TW TRANSPORTES , VALIDAÇÃO DE CONSUMO DE RECURSOS DE BANCO DE DADOS;Desenvolvimento e implementação de projeto Data
8497;COMERCIAL ZAFFARI (GAUCHINHO);Data e Power;Em atendimento;597;440:41:00;75%;18/06/2025;Descontar do PLUS no inicio do projeto;CDB Data Solutions;Eder Rodrigues;01/11/2024;;30/05/2025;COMERCIAL ZAFFARI , PROJETO DE DATA ANALYTICS 2024 ESCOPO FECHADO;Desenvolvimento e implementação de projeto Data
9134;YOSEN;M365;Em atendimento;20;30:12:00;100%;23/06/2025;Faturar no final do projeto;Gabriel de Menezes;Mateus Silva;05/12/2024;;23/06/2025;YOSEN Migração File Server para Sharepoint Online - PCN 86899;Desenvolvimento e implementação de projeto de migração para Sharepoint
9147;A7 REALIZACOES;M365;Fechado;55;04:40:00;100%;21/01/2025;PRIME;Gabriel de Menezes;Jéssica Oliveira;05/12/2024;21/01/2025;21/01/2025;A7 REALIZACOES - Migração Google para MS;Migracao E-mails IMAP para M365
9011;YOSEN;M365;Fechado;50;02:34:00;100%;15/03/2025;Faturar no final do projeto;Gabriel de Menezes;Mateus Silva;29/11/2024;15/03/2025;14/03/2025;YOSEN migração 365 - PCN 86878;Migracao GSuite para M365
9550;BBMO SOCIEDADE DE ADVOGADOS;M365;Fechado;10;09:53:00;100%;06/02/2025;Faturar no final do projeto;Gabriel de Menezes;Gustavo Moyses;06/01/2025;06/02/2025;05/02/2025;BBMOV - FAST TRACK SECURITY - ADVANCED ASSESSMENT;Assessment de Segurança
9684;PLANTECH;M365;Fechado;10;08:16:00;100%;10/02/2025;Descontar do PLUS no inicio do projeto;Gabriel de Menezes;Denilson Barboza;13/01/2025;10/02/2025;10/02/2025;PLANTECH - FAST TRACK SECURITY - ADVANCED ASSESSMENT;Assessment de Segurança
9898;BLB Auditores;M365;Fechado;45;00:18:00;100%;30/05/2025;Faturar no final do projeto;Gabriel de Menezes;Gustavo Moyses;23/01/2025;30/05/2025;16/05/2025;BLB AUDITORES /  Segurança M365;Desenvolvimento e implementação de projeto DEFENDER
9956;PROTECTING BRAINS & SAVING FUTURES SISTEMA DE DIAGNOSTICOS INTEGRADOS LTDA;Azure;Aguardando;495;184:08:00;25%;17/06/2025;Descontar do PLUS no inicio do projeto;Mateus Augusto;Eder Rodrigues;28/01/2025;;30/08/2025;PBSF , SOU PLUS (PARCERIA DE SERVIÇOS ) CLIENTE COM SPONSORSHIP;Desenvolvimento e implementação de projeto Azure Backup
9634;GS Inima Brasil;Data e Power;Fechado;33;32:19:00;100%;27/03/2025;Descontar do PLUS no inicio do projeto;Mateus Augusto;Eder Rodrigues;09/01/2025;27/03/2025;21/03/2025;GS INIMA , AMBIENTE AZURE PARA TESTE DE PERFORMANCE DE BI;Desenvolvimento e implementação de projeto Power BI Embedded
9642;FARMACIAS ASSOCIADAS;Azure;Fechado;15;11:02:00;100%;21/02/2025;PRIME;Mateus Augusto;Erika Okada;09/01/2025;21/02/2025;29/01/2025;ASSOCIAÇÃO DOS PROPRIETÁRIOS E OFICIAIS DE FARMÁCIAS DO RS- AZURE;Atualização/Upgrade de ambiente
9111;Cestas de Natal;Azure;Fechado;20;15:52:00;100%;07/01/2025;Faturar no final do projeto;Mateus Augusto;Cleber Bastos;04/12/2024;07/01/2025;;CAPITALDASCESTAS, Implementação do Azure AD – 20 horas;Desenvolvimento e implementação de projeto de ADDS
9476;MERCUR;Azure;Fechado;60;02:35:00;100%;14/02/2025;Descontar do PLUS no inicio do projeto;Mateus Augusto;Eder Rodrigues;27/12/2024;14/02/2025;31/01/2025;MERCUR, INFRA AZURE PARA PROJETO DE BI;Criação e Configuração Storage Account - Blob, File Share, Queues ou Tables
9623;IDEVER INTELIGENCIA DIGITAL LTDA;Azure;Fechado;80;22:37:00;100%;12/03/2025;Descontar do PLUS no inicio do projeto;René Pretto de Braga ;Gustavo Moyses;08/01/2025;12/03/2025;18/03/2025;IDEVER  / ADEQUAÇÃO AMBIENTE AZURE;Desenvolvimento e implementação de projeto Azure Firewall
9767;Novo Cliente Projetos,TradersClub;M365;Fechado;30;19:03:00;100%;13/02/2025;Faturar no final do projeto;Luciano Seabra;Erika Okada;16/01/2025;13/02/2025;07/02/2025;TC S.A, TRY & BUY- DEFENDER;Desenvolvimento e implementação de projeto DEFENDER
9800;CONVERT COMPANY;M365;Fechado;43;23:32:00;100%;23/04/2025;Descontar do PLUS no inicio do projeto;Luciano Seabra;João Mendonça - TEEVO;17/01/2025;23/04/2025;02/04/2025;Convert - MDM, Intune;Desenvolvimento e implementação de projeto INTUNE
9814;Casa do Pica Pau;M365;Fechado;10;17:18:00;75%;21/02/2025;Faturar no inicio do projeto;Luciano Seabra;Tatiana Lesnieski;20/01/2025;21/02/2025;14/02/2025;CASA DO PICA-PAU (HOHL), Fluxo Jornada;Assessment de Segurança
9954;ZILOR;M365;Fechado;30;35:23:00;100%;03/04/2025;Descontar do PLUS no inicio do projeto;Luciano Seabra;Eder Rodrigues;28/01/2025;03/04/2025;31/03/2025;ZILOR , IMPLEMENTAÇÃO MIP/DLP;Desenvolvimento e implementação de projeto DLP e AIP (MIP)
9486;PAYCON - PAYROLL;M365;Fechado;70;33:05:00;100%;15/03/2025;Faturar no inicio do projeto;Luciano Seabra;Keila Sayuri;30/12/2024;15/03/2025;21/02/2025;MICROSOFT 365 E SERVIÇO  - PAYCON AUTOMAÇÃO;Desenvolvimento e implementação de projeto DLP e AIP (MIP)
8998;A7 REALIZACOES;M365;Fechado;25;04:17:00;100%;21/01/2025;Faturar no inicio do projeto;Luciano Seabra;Jéssica Oliveira;28/11/2024;21/01/2025;17/01/2025;A7 REALIZACOES - PROJETO - CONFIGURAÇÃO SHAREPOINT ONLINE ;Desenvolvimento e implementação de projeto Sharepoint
9116;AQUANIMA;M365;Fechado;60;16:48:00;100%;31/01/2025;Descontar do PLUS no inicio do projeto;Luciano Seabra;Gustavo Moyses;04/12/2024;31/01/2025;31/01/2025;AQUANIMA / M365 PREMIUM;Criação de ambiente M365
9472;JEM SYSTEM;M365;Fechado;0;00:09:00;;17/02/2025;Descontar do PLUS no inicio do projeto;Luciano Seabra;Juliana Santos;27/12/2024;17/02/2025;;JEMSystem, 300 M365 STD;Migracao de tenant para tenant
9361;VITECH MEDICAL;M365;Fechado;30;04:34:00;75%;06/01/2025;PRIME;Luciano Seabra;Thiago Alcantara;17/12/2024;06/01/2025;27/01/2025;VITECH, 365;Desenvolvimento e implementação de projeto de migração para Sharepoint
9417;ASA Investments;M365;Fechado;50;20:25:00;75%;12/02/2025;Faturar no inicio do projeto;Luciano Seabra;Erika Okada;19/12/2024;12/02/2025;07/02/2025;ASA, Pool de horas;Assessment de Segurança
9423;USAFLEX FRANQUIAS;M365;Fechado;10;03:00:00;100%;06/01/2025;Descontar do PLUS no inicio do projeto;Tadeu Trajano;Edison Sprandel;20/12/2024;21/01/2025;;USAFLEX, FAST Track Advanced Security;Assessment de Segurança
9283;SISCOM;M365;Fechado;20;15:54:00;100%;08/05/2025;Descontar do PLUS no inicio do projeto;Tadeu Trajano;Erika Okada;12/12/2024;08/05/2025;04/04/2025;SISCOM, ADFS;Desenvolvimento e implementação de projeto de Gerenciamento de Identidade
9336;SOU.cloud;M365;Fechado;;25:02:00;;15/03/2025;;Tadeu Trajano;;16/12/2024;15/03/2025;22/01/2025;Projeto - PIM;Demandas Internas
9447;CAMPOS MELLO ADVOGADOS;M365;Fechado;50;39:53:00;100%;21/03/2025;Faturado em outro projeto.;Tadeu Trajano;Thiago Alcantara;23/12/2024;21/03/2025;15/01/2025;Microsoft 365 Security - Incentivo MS ;Engajamento - Threat protection engagement
9747;MUSASHI DO BRASIL LTDA;M365;Fechado;50;16:10:00;100%;26/03/2025;Faturar no inicio do projeto;Tadeu Trajano;Thiago Alcantara;15/01/2025;26/03/2025;19/03/2025;Musashi - O365 Defender;Desenvolvimento e implementação de projeto DEFENDER
9866;Construtora Planeta;M365;Fechado;20;09:17:00;100%;17/03/2025;Faturar no inicio do projeto;Tadeu Trajano;Thiago Alcantara;21/01/2025;17/03/2025;17/03/2025;CONSTRUTORA PLANETA  - Backup Sharepoint;Desenvolvimento e implementação de projeto Sharepoint
9666;CONVERT COMPANY;M365;Fechado;10;04:01:00;100%;06/06/2025;Descontar do PLUS no inicio do projeto;Tadeu Trajano;João Mendonça - TEEVO;10/01/2025;06/06/2025;20/06/2025;Convert Company - Jornada de segurança M365, Advanced Assessment - Fast Track;Assessment de Segurança
9135;YOSEN;M365;Aguardando;50;43:16:00;75%;11/06/2025;Faturar no final do projeto;Helen Machado;Mateus Silva;05/12/2024;;27/06/2025;YOSEN Preparação Intranet (escopo a definir) - PCN 86900;Desenvolvimento e implementação de projeto INTRANET
9705;GRUPO CANOPUS;Data e Power;Fechado;10;02:03:00;;23/01/2025;Faturar no inicio do projeto;CDB Data Solutions;Keila Sayuri;14/01/2025;23/01/2025;;POLL DE HORAS - DISVECO;Consultoria técnica
10133;LIONS TRUST ADMINISTRADORA DE RECURSOS LTDA;Azure;Fechado;10;02:30:00;100%;14/02/2025;PRIME;Marcelo Zola;Cleber Bastos;05/02/2025;17/02/2025;;LIONS TRUST - Azure;Atualização/Upgrade de ambiente
10237;BP One Group;Azure;Fechado;14;00:08:00;;28/05/2025;Faturar no inicio do projeto;Eduardo Kochhann;Gustavo Moyses;11/02/2025;28/05/2025;;BP ONE / POWER BI EMBEDDED;Criação e Configuração Storage Account - Blob, File Share, Queues ou Tables
9959;ENFORCE GESTAO DE ATIVOS S.A.;Data e Power;Aguardando;138;153:04:00;75%;10/04/2025;Descontar do PLUS no inicio do projeto;Eduardo Kochhann;Thiago Alcantara;28/01/2025;;18/04/2025;ENFORCE - Auto categorização de arquivos e organização de arquivos legados (FS 3 e 4);Desenvolvimento e implementação de projeto Data
9978;SuperFrio;M365;Fechado;32;00:11:00;5%;28/05/2025;Faturar no final do projeto;Eduardo Kochhann;Gustavo Moyses;29/01/2025;28/05/2025;30/06/2025;SUPERFRIO  /  INTUNE + ENTRA ID;Desenvolvimento e implementação de projeto de Gerenciamento de Identidade
11359;JEM SYSTEM;Azure;Fechado;36;07:09:00;100%;28/05/2025;PRIME;Eduardo Kochhann;Juliana Santos;10/04/2025;28/05/2025;23/05/2025;JEM SEGURANÇA - Azure Files POC;Criação e Configuração Storage Account - Blob, File Share, Queues ou Tables
11126;GS Inima Brasil;M365;Fechado;10;00:02:00;;09/04/2025;Engajamento;Eduardo Kochhann;Eder Rodrigues;28/03/2025;09/04/2025;;GS INIMA , THREAT PROTECTION ENGAGEMENT;Engajamento - Threat protection engagement
11133;RECORD;M365;Em atendimento;10;00:03:00;75%;03/06/2025;Engajamento;Eduardo Kochhann;Diogo Lima;28/03/2025;;25/06/2025;RECORD, Data Security Engagement;Engajamento - Data security
11160;NEWFIELDS BRASIL;M365;Fechado;42;00:11:00;;28/05/2025;Faturar no inicio do projeto;Eduardo Kochhann;Denilson Barboza;31/03/2025;28/05/2025;;NewFields Brasil, Implementação de DLP;Desenvolvimento e implementação de projeto DLP e AIP (MIP)
11130;Cerradinho;M365;Fechado;20;21:17:00;100%;27/05/2025;Engajamento;Gabriel de Menezes;Mateus Silva;28/03/2025;27/05/2025;12/05/2025;CERRADINHO - DATA SECURITY ENGAGEMENT;Engajamento - Data security
11131;Cerradinho;M365;Fechado;20;19:08:00;100%;12/06/2025;Engajamento;Gabriel de Menezes;Mateus Silva;28/03/2025;12/06/2025;12/05/2025;THREAT PROTECTION ENGAGEMENT - CERRADINHO;Engajamento - Threat protection engagement
11127;REDE OBA HORTIFRUTI;M365;Fechado;40;32:43:00;100%;27/05/2025;Engajamento;Gabriel de Menezes;Edison Sprandel;28/03/2025;27/05/2025;12/05/2025;OBA, Incentivo Data Security;Engajamento - Threat protection engagement
10870;GNG Fundações;M365;Fechado;55;21:05:00;100%;30/04/2025;PRIME;Gabriel de Menezes;Juliana Santos;17/03/2025;30/04/2025;25/04/2025;GNG CONSTRUCOES, 60 M365 BB BS + PRIME - MIGRAÇÃO GMAIL;Migracao E-mails IMAP para M365
11362;PLANALTO SOLUÇÕES IMOBILIARIAS;M365;Em atendimento;80;04:35:00;5%;18/06/2025;Descontar do PLUS no inicio do projeto;Gabriel de Menezes;Gustavo Moyses;10/04/2025;;30/06/2025;PLANALTO SOLUÇÕES IMOB / MIGRAÇÃO M365 (Godaddy) p/ M365 - 285 usuários;Migracao de tenant para tenant
10505;Novo Cliente Projetos;M365;Fechado;28;35:47:00;100%;23/04/2025;Faturar no inicio do projeto;Gabriel de Menezes;Caio D'Agostini;24/02/2025;23/04/2025;15/04/2025;HPRO - Migração de e-mails Bluest One;Migracao E-mails IMAP para M365
10013;Doctor Clin Operadora de Planos de Saúde;M365;Fechado;45;15:00:00;25%;11/04/2025;Faturado em outro projeto.;Gabriel de Menezes;Denilson Barboza;30/01/2025;11/04/2025;16/04/2025;DOCTOR CLIN - INTUNE;Desenvolvimento e implementação de projeto INTUNE
10178;JUSTNEW TECNOLOGIA;Azure;Fechado;1;00:30:00;;11/02/2025;PRIME;Daniel Modolin;Cleber Bastos;07/02/2025;11/02/2025;;JUST NEW, Upgrade VM Azure 2;Atualização/Upgrade de ambiente
11223;INSTITUTO MONITOR;Azure;Aguardando;22;19:18:00;25%;17/06/2025;PRIME;Mateus Augusto;Juliana Santos;02/04/2025;;30/06/2025;INSTITUTO MONITOR, Azure;
10973;FOSNOR - GALVANI;Azure;Fechado;24;20:43:00;100%;15/05/2025;Descontar do PLUS no inicio do projeto;Mateus Augusto;Tatiana Lesnieski;20/03/2025;15/05/2025;09/05/2025;GALVANI, Azure Devops;Desenvolvimento e implementação de projeto Devops
11052;PRO - LINHAS;Data e Power;Fechado;6;04:30:00;100%;14/04/2025;Descontar do PLUS no inicio do projeto;Mateus Augusto;Gustavo Moyses;25/03/2025;14/04/2025;14/04/2025;PRO-LINHAS NORDESTE / FABRIC;Desenvolvimento e implementação de projeto Data
11105;Artabas;Azure;Fechado;20;18:46:00;100%;23/04/2025;Faturar no inicio do projeto;René Pretto de Braga ;Eder Rodrigues;28/03/2025;23/04/2025;25/04/2025;ARTABAS , AMBIENTE BOLHA SAP AZURE;Atualização/Upgrade de ambiente
10695;TRIUNFO;Azure;Fechado;24;14:31:00;100%;15/04/2025;Faturar no inicio do projeto;René Pretto de Braga ;Diogo Lima;06/03/2025;15/04/2025;11/04/2025;TRIUNFO, Projeto Migração Storage (10TB);Desenvolvimento e implementação de projeto de Migração de Banco de Dados
10764;IPM SISTEMAS;Azure;Fechado;8;09:34:00;75%;28/05/2025;Faturar no inicio do projeto;René Pretto de Braga ;Gustavo Moyses;11/03/2025;28/05/2025;25/04/2025;IPM SISTEMAS / EMBEDDED 2;Desenvolvimento e implementação de projeto Virtual Desktop
10067;PHARLAB INDUSTRIA FARMACEUTICA S.A;Azure;Fechado;20;09:55:00;100%;10/02/2025;Faturar no inicio do projeto;René Pretto de Braga ;Cleber Bastos;03/02/2025;10/02/2025;10/02/2025;PHARLAB, AZURE BACKUP (RA-GRS-US);Migracao Workload On Premises para Azure
10073;BIB;M365;Fechado;40;62:38:00;100%;26/05/2025;Descontar do PLUS no inicio do projeto;Luciano Seabra;Eder Rodrigues;03/02/2025;26/05/2025;31/03/2025;BANCO INDUSTRIAL DO BRASIL , CONSULTORIA EM MDM INTUNE (UTILIZAM M365 E3);Desenvolvimento e implementação de projeto INTUNE
10651;Novo Cliente Projetos;M365;Fechado;120;39:43:00;100%;02/04/2025;PRIME;Luciano Seabra;Thiago Alcantara;05/03/2025;02/04/2025;31/03/2025;Droga Fonte - MS365;Migracao E-mails IMAP para M365
10631;JEM SYSTEM;M365;Em atendimento;201;75:50:00;50%;17/06/2025;PRIME;Luciano Seabra;Juliana Santos;28/02/2025;;30/06/2025;JEM - M365  Teams Premium + Apps for Business + serviço;Migracao de tenant para tenant
10413;TW TRANSPORTES E LOGISTICA LTDA;M365;Fechado;150;70:35:00;100%;31/03/2025;PRIME;Luciano Seabra;Eder Rodrigues;19/02/2025;31/03/2025;31/03/2025;TW TRANSPORTES, Migração Google/365;Migracao E-mails IMAP para M365
10440;ASA Investments;M365;Fechado;20;04:00:00;;28/02/2025;Faturado em outro projeto.;Luciano Seabra;Erika Okada;20/02/2025;28/02/2025;28/02/2025;ASA, configuração de politica;Assessment de Segurança
11262;CAFÉ 3 CORAÇÕES;M365;Fechado;20;26:01:00;100%;27/05/2025;Engajamento;Luciano Seabra;Cleber Bastos;04/04/2025;27/05/2025;12/05/2025;SANTACLARA, Threat Protection Engagement;Engajamento - Threat protection engagement
11263;CAFÉ 3 CORAÇÕES;M365;Fechado;20;00:24:00;100%;30/05/2025;Engajamento;Luciano Seabra;Cleber Bastos;04/04/2025;30/05/2025;12/05/2025;SANTACLARA, Data Security;Engajamento - Data security
11264;TOZZINI FREIRE;M365;Fechado;20;33:55:00;100%;30/05/2025;Engajamento;Luciano Seabra;Diogo Lima;04/04/2025;30/05/2025;29/05/2025;TOZZINI FREIRE, THREAT PROTECTION ENGAGEMENT;Engajamento - Threat protection engagement
10038;GDM;M365;Fechado;93;30:32:00;100%;31/03/2025;Faturar no inicio do projeto;Tadeu Trajano;Erika Okada;31/01/2025;31/03/2025;31/03/2025;GDM- Migração KWS- Sharepoint;Desenvolvimento e implementação de projeto de migração para Sharepoint
10137;Pochteca;M365;Fechado;0;01:31:00;100%;24/02/2025;Faturado em outro projeto.;Tadeu Trajano;Juliana Santos;05/02/2025;24/02/2025;;Pré engajamento Coremal - Threat Protection Engagement;Assessment de Segurança
10407;SOU.cloud;M365;Em atendimento;;20:51:00;;18/06/2025;;Tadeu Trajano;;19/02/2025;;30/06/2025;Projeto Copilot SOU;Demandas Internas
11215;CAMPOS MELLO ADVOGADOS;M365;Fechado;12;05:02:00;100%;04/06/2025;Faturado em outro projeto.;Tadeu Trajano;Thiago Alcantara;02/04/2025;04/06/2025;25/07/2025;Campos Mello - Microsoft Defender for Office 365 P2 (Segurança Office 365) 12 horas;Desenvolvimento e implementação de projeto DEFENDER
11218;CAMPOS MELLO ADVOGADOS;M365;Aguardando;35;00:01:00;;28/04/2025;Faturado em outro projeto.;Tadeu Trajano;Thiago Alcantara;02/04/2025;;18/07/2025;Campos Mello - Microsoft Defender for Endpoint - Estimativa de 35 horas;Desenvolvimento e implementação de projeto DEFENDER
11219;CAMPOS MELLO ADVOGADOS;M365;Aguardando;45;00:01:00;;28/04/2025;Faturado em outro projeto.;Tadeu Trajano;Thiago Alcantara;02/04/2025;;05/08/2025;Campos Mello - Implementação Campanha de Phishing | Estimativa de até 45 horas;Desenvolvimento e implementação de projeto DLP e AIP (MIP)
11220;CAMPOS MELLO ADVOGADOS;M365;Aguardando;40;00:03:00;;27/05/2025;Faturado em outro projeto.;Tadeu Trajano;Thiago Alcantara;02/04/2025;;30/06/2025;Campos Mello - FAST.track 40 horas;Assessment de Segurança
10946;BILD;M365;Fechado;20;31:32:00;100%;27/05/2025;Engajamento;Tadeu Trajano;Mateus Silva;19/03/2025;27/05/2025;21/05/2025;BILD threat protection engagement;Engajamento - Threat protection engagement
11124;ENFORCE GESTAO DE ATIVOS S.A.;M365;Aguardando;10;04:33:00;5%;16/06/2025;Engajamento;Tadeu Trajano;Thiago Alcantara;28/03/2025;;27/06/2025;Enforce Data Security Engagement;Engajamento - Data security
11125;ENFORCE GESTAO DE ATIVOS S.A.;M365;Aguardando;10;03:02:00;;16/06/2025;Engajamento;Tadeu Trajano;Thiago Alcantara;28/03/2025;;27/06/2025;Enforce- Threat Protection Engagement;Engajamento - Threat protection engagement
11000;CAIXA RESIDENCIAL;M365;Fechado;20;04:01:00;100%;28/05/2025;Engajamento;Tadeu Trajano;Diogo Lima;21/03/2025;28/05/2025;30/05/2025;CAIXA RESIDENCIAL, Threat Protection Engagement;Engajamento - Threat protection engagement
11013;CAIXA RESIDENCIAL;M365;Fechado;20;05:01:00;100%;27/05/2025;Engajamento;Tadeu Trajano;Diogo Lima;24/03/2025;27/05/2025;30/05/2025;CAIXA RESIDENCIAL, Data Security Engagement;Engajamento - Data security
11128;SICOOB CREDICERIPA;M365;Fechado;20;23:02:00;100%;16/06/2025;Engajamento;Tadeu Trajano;Erika Okada;28/03/2025;16/06/2025;24/06/2025;THREAT PROTECTION -CREDICERIPA - incentivos;Engajamento - Threat protection engagement
11129;SICOOB CREDICERIPA;M365;Fechado;20;04:03:00;100%;16/06/2025;Engajamento;Tadeu Trajano;Erika Okada;28/03/2025;16/06/2025;24/06/2025;CREDICERIPA, DATA ENGAGEMENT - incentivos;Engajamento - Data security
11132;BILD;M365;Fechado;20;12:02:00;100%;27/05/2025;Engajamento;Tadeu Trajano;Mateus Silva;28/03/2025;27/05/2025;26/05/2025;BILD data security engagement;Engajamento - Data security
11157;CAMPOS MELLO ADVOGADOS;M365;Aguardando;100;00:01:00;;28/04/2025;Faturar no inicio do projeto;Tadeu Trajano;Thiago Alcantara;31/03/2025;;01/07/2025;Campos Mello - Implementação do Microsoft Defender for Identity | Estimativa de 100 horas;Desenvolvimento e implementação de projeto DEFENDER
11031;SUPLEY;Data e Power;Em atendimento;188;07:48:00;5%;17/06/2025;Faturar no inicio do projeto;Vitória Germann;Mateus Silva;24/03/2025;;;SUPLEY melhoria na preparação de dados para bi - Vitória;Desenvolvimento e implementação de projeto Data
10606;CAMPOS MELLO ADVOGADOS;Data e Power;Fechado;15;20:57:00;100%;28/03/2025;Descontar do PLUS no inicio do projeto;Helen Machado;Thiago Alcantara;27/02/2025;28/03/2025;25/03/2025;CAMPOS MELLO - APPS;Desenvolvimento e implementação de projeto Power App
10388;Cerradinho;Data e Power;Fechado;18;20:01:00;;31/03/2025;Faturar no inicio do projeto;CDB Data Solutions;Mateus Silva;18/02/2025;31/03/2025;;CERRADINHO upgrade portal embedded cdb;Desenvolvimento e implementação de projeto Power BI Embedded
10635;Marilan;Data e Power;Fechado;10;04:22:00;;31/03/2025;Faturar no inicio do projeto;CDB Data Solutions;Mateus Silva;28/02/2025;31/03/2025;;MARILAN horas cdb;Desenvolvimento e implementação de projeto Power BI Embedded
9957;IDEVER INTELIGENCIA DIGITAL LTDA;Azure;Em atendimento;32;33:12:00;75%;13/05/2025;Faturado em outro projeto.;CDB Data Solutions;Gustavo Moyses;28/01/2025;;;IDEVER  / ADEQUAÇÃO AMBIENTE AZURE;
11343;SUPLEY;Data e Power;Em atendimento;150;22:34:00;5%;17/06/2025;Faturado em outro projeto.;CDB Data Solutions;Mateus Silva;09/04/2025;;;SUPLEY melhoria na preparação de dados para bi - CDB;Desenvolvimento e implementação de projeto Data
10749;TOLI DISTRIBUIDORA;Data e Power;Fechado;22;20:06:00;;31/03/2025;Faturar no inicio do projeto;CDB Data Solutions;Eder Rodrigues;10/03/2025;31/03/2025;;TOLI DISTRIBUIDORA , SERVIÇOS POWER BI;Desenvolvimento e implementação de projeto Power BI Embedded
11014;TENDA ATACADO;M365;Fechado;10;34:21:00;100%;27/05/2025;Engajamento;Carla Teixeira;Diogo Lima;24/03/2025;27/05/2025;26/05/2025;TENDA ATACADO, Data Security Engagement;Engajamento - Data security
10999;TENDA ATACADO;M365;Fechado;10;40:31:00;100%;27/05/2025;Engajamento;Carla Teixeira;Diogo Lima;21/03/2025;27/05/2025;26/05/2025;TENDA ATACADO, Threat Protection Engagement;Engajamento - Threat protection engagement
11123;CAMPOS MELLO ADVOGADOS;Azure;Fechado;10;07:37:00;25%;29/04/2025;Engajamento;Matheus Pacheco;Thiago Alcantara;28/03/2025;29/04/2025;28/04/2025;CAMPOS MELLO - INCENTIVO;Migracao Workload On Premises para Azure
10364;MERCUR;Data e Power;Fechado;35;18:16:00;100%;13/03/2025;Descontar do PLUS no inicio do projeto;Felipe Neiva;Eder Rodrigues;17/02/2025;13/03/2025;13/03/2025;MERCUR , PREVENDAS ATUALIZAÇÃO PORTAL DE COMPRAS;Desenvolvimento e implementação de projeto Power App
11345;SUPLEY;Azure;Aguardando;80;41:07:00;75%;10/06/2025;Faturado em outro projeto.;Erick Alex;Mateus Silva;09/04/2025;;20/06/2025;SUPLEY melhoria na preparação de dados para bi - Erick;Desenvolvimento e implementação de projeto Defender for Cloud
10775;FSA SOLUCOES;Azure;Fechado;50;56:09:00;100%;30/05/2025;PRIME;Erick Alex;Thaise Albuquerque;11/03/2025;30/05/2025;30/05/2025;FSA - AZURE, Migração EA para CSP;Migracao de tenant CSP para EA
10726;TENDA ATACADO;Azure;Fechado;45;27:06:00;100%;25/03/2025;Faturar no final do projeto;Erick Alex;Diogo Lima;10/03/2025;25/03/2025;26/03/2025;TENDA ATACADO, Criação do Datalake no Azure;Criação e Configuração Storage Account - Blob, File Share, Queues ou Tables
12539;Novo Cliente Projetos;M365;Novo;;00:00:00;;16/06/2025;Engajamento;Eduardo Fernandes;;16/06/2025;;;FERROPORT, Incentivo Threat Protection;
12540;Novo Cliente Projetos;M365;Novo;;00:00:00;;16/06/2025;Engajamento;Eduardo Fernandes;;16/06/2025;;;FERROPORT, Incentivo Data Security;
11774;STELLA - ULTRA FILIAL;M365;Fechado;0;00:00:00;;21/05/2025;Faturar no final do projeto;Eduardo Fernandes;Erika Okada;06/05/2025;21/05/2025;;STELLA - Aditivo Proposta SOU-OP-008162 v2;Desenvolvimento e implementação de projeto de migração para Sharepoint
11704;SOU.cloud;Azure;Aguardando;;00:02:00;;07/05/2025;;Eduardo Kochhann;;02/05/2025;;;Reestruturação Lighthouse;Atualização/Upgrade de ambiente
12531;GRUPO SANMARTIN;M365;Novo;45;00:03:00;;17/06/2025;Descontar do PLUS no inicio do projeto;Eduardo Kochhann;Aline Mezzomo;16/06/2025;;15/07/2025;Máquinas Sanmartin - Etiquetas Office 365;Desenvolvimento e implementação de projeto DLP e AIP (MIP)
12438;Less Click;M365;Novo;10;00:02:00;;17/06/2025;Descontar do PLUS no inicio do projeto;Gabriel de Menezes;Eder Rodrigues;11/06/2025;;27/06/2025;LESS CLICK,FAST TRACK ADVANCED AZURE;Assessment de Segurança
12439;Metha;M365;Novo;10;00:02:00;;17/06/2025;Descontar do PLUS no inicio do projeto;Gabriel de Menezes;Eder Rodrigues;11/06/2025;;30/06/2025;METHA , FAST TRACK ADVANCED M365;Assessment de Segurança
12440;KPE Engenharia;M365;Novo;10;00:02:00;;17/06/2025;Descontar do PLUS no inicio do projeto;Gabriel de Menezes;Eder Rodrigues;11/06/2025;;07/07/2025;KPE ,FAST TRACK ADVANCED M365;Assessment de Segurança
12441;ADCE;M365;Novo;10;00:02:00;;17/06/2025;Descontar do PLUS no inicio do projeto;Gabriel de Menezes;Eder Rodrigues;11/06/2025;;11/07/2025;ADCE, FAST TRACK ADVANCED M365;Assessment de Segurança
12142;REDE OBA HORTIFRUTI;M365;Aguardando;40;05:43:00;100%;06/06/2025;Engajamento;Gabriel de Menezes;Edison Sprandel;27/05/2025;;30/05/2025;THREAT PROTECTION ENGAGEMENT - REDEOBA;Engajamento - Threat protection engagement
11887;COMPANHIA NACIONAL DE CIMENTO - CNC;M365;Aguardando;64;13:38:00;25%;17/06/2025;Faturar no inicio do projeto;Gabriel de Menezes;Thiago Alcantara;12/05/2025;;08/07/2025;CNC - SERVIÇO [CLIENTE FORA DO PARTNER];Assessment de Segurança
11966;Metha;M365;Fechado;10;10:00:00;100%;12/06/2025;Descontar do PLUS no inicio do projeto;Gabriel de Menezes;Eder Rodrigues;15/05/2025;12/06/2025;13/06/2025;METHA - FASTTRACK M365;Assessment de Segurança
12257;PORTOTECH;Azure;Em atendimento;10;05:52:00;;20/06/2025;Faturar no inicio do projeto;Mateus Augusto;Gustavo Moyses;03/06/2025;;;PORTOTECH / FABRIC F2 + PORTAL;
12522;Dynatech;Azure;Novo;18;00:02:00;;17/06/2025;Faturar no final do projeto;Mateus Augusto;Eder Rodrigues;13/06/2025;;;DYNATECH, AMBIENTE BOLHA SAP 3 MESES ( SAP QAS);Desenvolvimento e implementação de projeto Virtual Desktop
12506;FARMACIAS ASSOCIADAS;Azure;Resolvido;4;03:52:00;100%;20/06/2025;Faturar no inicio do projeto;Mateus Augusto;Erika Okada;13/06/2025;20/06/2025;25/06/2025;ASSOCIACAO DOS PROPRIETARIOS E OFICIAIS DE FARMACIA DO ESTADO DO RIO GRANDE DO SUL, Escopo Fechado;Criação e Configuração Storage Account - Blob, File Share, Queues ou Tables
12507;BEBECE;Azure;Aguardando;20;00:57:00;;20/06/2025;Engajamento;Mateus Augusto;Tatiana Lesnieski;13/06/2025;;08/08/2025;BEBECE, Assessment;Assessment for Rapid Migration
11602;CAMPOS MELLO ADVOGADOS;Azure;Fechado;30;00:02:00;100%;20/05/2025;Engajamento;Mateus Augusto;Thiago Alcantara;25/04/2025;20/05/2025;19/05/2025;CAMPOS MELLO - INCENTIVO -  AMM;Criação e Configuração Storage Account - Blob, File Share, Queues ou Tables
11603;CAMPOS MELLO ADVOGADOS;Azure;Fechado;30;24:41:00;100%;20/05/2025;Faturar no inicio do projeto;Mateus Augusto;Thiago Alcantara;25/04/2025;20/05/2025;19/05/2025;Campos Mello - Azure ambiente de ERP;Criação e Configuração Storage Account - Blob, File Share, Queues ou Tables
11624;Artabas;Azure;Fechado;25;25:11:00;100%;06/06/2025;PRIME;René Pretto de Braga ;Eder Rodrigues;28/04/2025;06/06/2025;30/05/2025;ARTABAS, novo ambiente bolha SAP;Criação e Configuração Storage Account - Blob, File Share, Queues ou Tables
11512;TUPY;Azure;Em atendimento;10;54:47:00;25%;17/06/2025;Faturado em outro projeto.;René Pretto de Braga ;Erika Okada;22/04/2025;;30/06/2025;TUPY- Rapid Migration Assessment;Assessment for Rapid Migration
12521;BIB;Azure;Novo;18;00:03:00;;20/06/2025;Descontar do PLUS no inicio do projeto;René Pretto de Braga ;Eder Rodrigues;13/06/2025;;27/06/2025;BANCO INDUSTRIAL DO BRASIL , NOVO WORKLOAD FORTINET;Migracao de workload de Cloud privada para Azure
12293;Artabas;Azure;Em atendimento;6;04:58:00;;20/06/2025;Faturar no final do projeto;René Pretto de Braga ;Eder Rodrigues;03/06/2025;;24/06/2025;ARTABAS , AZURE IAAS SISTEMA SENIOR E GLPI;Desenvolvimento e implementação de projeto Virtual Desktop
11379;Via Certa;Azure;Em atendimento;34;29:44:00;;20/06/2025;Descontar do PLUS no inicio do projeto;René Pretto de Braga ;Erika Okada;11/04/2025;;20/06/2025;VIA CERTA- File Server no Azure;Criação e Configuração Storage Account - Blob, File Share, Queues ou Tables
12041;FROOTY;M365;Em atendimento;120;05:14:00;5%;17/06/2025;Descontar do PLUS no inicio do projeto;Luciano Seabra;Gustavo Moyses;21/05/2025;;29/07/2025;FROOTY / MIGRAÇÃO EXCHANGE SERVER PARA  M365;Migracao Exchange para M365
11381;Artabas;M365;Fechado;30;08:41:00;100%;02/05/2025;Faturar no inicio do projeto;Tadeu Trajano;Eder Rodrigues;14/04/2025;02/05/2025;;ARTABAS - Migração IMAP Zimbra  ;Migracao Zimbra para M365
11907;KPE Engenharia;M365;Fechado;10;04:00:00;100%;04/06/2025;Descontar do PLUS no inicio do projeto;Tadeu Trajano;Eder Rodrigues;13/05/2025;04/06/2025;04/06/2025;KPE ENGENHARIA , FAST TRACK M365;Assessment de Segurança
11965;BARUEL;M365;Em atendimento;35;13:45:00;75%;05/06/2025;Faturar no final do projeto;Tadeu Trajano;Gustavo Moyses;15/05/2025;;09/06/2025;BARUEL / DEFENDER FOR BUSINESS - PRIME;Desenvolvimento e implementação de projeto DEFENDER
12435;CAMPOS MELLO ADVOGADOS;M365;Novo;20;00:02:00;;17/06/2025;Engajamento;Tadeu Trajano;Thiago Alcantara;11/06/2025;;07/09/2025;Campos Mello - INCENTIVO - Data Security Engagement;Engajamento - Data security
12251;REDE OBA HORTIFRUTI;Data e Power;Novo;2;00:01:00;;17/06/2025;Faturar no inicio do projeto;Tadeu Trajano;Edison Sprandel;02/06/2025;;27/06/2025;OBA, Workshop Copiltot;Consultoria técnica
11838;MSM SOLUCOES PARA O SEGMENTO JURIDICO LTDA;M365;Fechado;110;31:15:00;100%;29/05/2025;PRIME;Tadeu Trajano;Thiago Alcantara;08/05/2025;29/05/2025;27/06/2025;MSM - O365;Migracao GSuite para M365
12415;MSM SOLUCOES PARA O SEGMENTO JURIDICO LTDA;M365;Em atendimento;80;00:00:00;50%;10/06/2025;PRIME;Tadeu Trajano;Thiago Alcantara;10/06/2025;;20/06/2025;MSM - Migração SharePoint e PipeDrive;Migracao GSuite para M365
11567;FOSNOR - GALVANI;M365;Fechado;10;03:30:00;100%;03/06/2025;Descontar do PLUS no inicio do projeto;Tadeu Trajano;Tatiana Lesnieski;24/04/2025;03/06/2025;03/06/2025;GALVANI, Assessment Jornada de Segurança 365;Assessment de Segurança
11664;SOU.cloud;Data e Power;Em atendimento;;14:36:00;;20/06/2025;;Vitória Germann;;29/04/2025;;30/06/2025;Projeto interno de BI - Gerencial;Demandas Internas
11688;SOU.cloud;M365;Em atendimento;;33:55:00;;20/06/2025;;Helen Machado;;30/04/2025;;30/06/2025;Reestruturação do Sharepoint;Desenvolvimento e implementação de projeto Sharepoint
11813;COMERCIAL ZAFFARI (GAUCHINHO);M365;Aguardando;65;38:11:00;5%;12/06/2025;Descontar do PLUS no inicio do projeto;Helen Machado;Eder Rodrigues;07/05/2025;;03/07/2025;ZAFFARI , PROJETO TEMPLATE DE SHAREPOINT;Desenvolvimento e implementação de projeto INTRANET
12026;C.BRAZIEL DESIGN;Data e Power;Fechado;5;05:00:00;;23/05/2025;Faturar no inicio do projeto;CDB Data Solutions;Cleber Bastos;20/05/2025;23/05/2025;;CBRAZIEL, Ajustes do novo ambiente;Consultoria técnica
12062;Bastos Juntas Industria de Autopecas;Data e Power;Em atendimento;12;10:00:00;;16/06/2025;Faturar no inicio do projeto;CDB Data Solutions;Gustavo Moyses;22/05/2025;;;BASTOS /  ANALISE DE BANCO SQL  PAAS;Desenvolvimento e implementação de projeto Data
12568;PORTOTECH;Azure;Em atendimento;60;00:01:00;;20/06/2025;Faturar no inicio do projeto;CDB Data Solutions;Gustavo Moyses;17/06/2025;;;PORTOTECH / FABRIC F2 + PORTAL;
11700;C.BRAZIEL DESIGN;Azure;Fechado;15;15:00:00;;30/05/2025;Faturar no final do projeto;CDB Data Solutions;Cleber Bastos;30/04/2025;30/05/2025;;CBRAZIEL, DBA;Desenvolvimento e implementação de projeto de Migração de Banco de Dados
12193;HEAD5 ENGENHARIA;Data e Power;Fechado;72;02:00:00;;30/05/2025;Descontar do PLUS no inicio do projeto;CDB Data Solutions;Eder Rodrigues;29/05/2025;30/05/2025;;HEAD 5 ENGENHARIA , ANÁLISE DE AMBIENTE PWA;Consultoria técnica
11408;FORSHIP ENGENHARIA;M365;Fechado;10;15:57:00;5%;27/05/2025;Engajamento;Matheus Pacheco;Thiago Alcantara;14/04/2025;27/05/2025;28/05/2025;Forship - Assessment for Rapid Migration;Assessment de Segurança
11662;AUTO PARVI LTDA;Azure;Aguardando;10;01:20:00;;11/06/2025;Engajamento;Matheus Pacheco;Thiago Alcantara;29/04/2025;;26/06/2025;PARVI - ASSESSMENT FOR RAPID MIGRATION;Migracao Workload On Premises para Azure
12473;COMERCIAL ZAFFARI (GAUCHINHO);Azure;Em atendimento;28;00:01:00;5%;12/06/2025;Descontar do PLUS no inicio do projeto;Erick Alex;Eder Rodrigues;12/06/2025;;30/06/2025;COMERCIAL ZAFFARI  - Copia de dados DEV ? PROD;Storage
12479;SOU.cloud;Data e Power;Em atendimento;;06:11:00;;20/06/2025;;Bernardo Mesko;;12/06/2025;;24/06/2025;PMO Control.360 SOU;
